playlist_id,playlist_name,genre,playlist_description,n_track
37i9dQZF1EIeZKM1YFAtwx,Electronic Music Mix,Electronic,Electronic music picked just for you,50
37i9dQZF1DX0wMD4IoQ5aJ,Electronic Focus,Electronic,Work and study to the sound of soft electronic music.,175
3tRhisNDv5YZXPQltBbJNc,Best Electronic Music Of All Time,Electronic,,155
42Z9qpxhpmlZiUhzXl1jno,Electronic Music,Electronic,The Best Electronic Music,99
37i9dQZF1EQp9BVPsNVof1,Dance/Electronic Mix,Electronic,"<a href=spotify:playlist:37i9dQZF1EIVmqhwdlpWRU>David Guetta</a>, <a href=spotify:playlist:37i9dQZF1EIZ8ZJF1M4Cbt>Kygo</a>, <a href=spotify:playlist:37i9dQZF1EIYsz1P7DUvZx>Pitbull</a> and more",50
37i9dQZF1DX8AliSIsGeKd,Electronic Rising,Electronic,The best new electronic music. Cover: Einmusik,90
37i9dQZF1DX1T3AaSrgy9r,Generation Electronica,Electronic,Underground dance and alternative that went on to define a new millennium.,88
37i9dQZF1EIdb8FXh3GI8m,Party Electronic Mix,Electronic,Party Electronic music picked just for you,50
6rAs3WXg8xQco1tORQZoQt,Electronic 80s The Collection - Ministry Of Sound,Electronic,,80
5Lm6NIcUI2eTf2SsBgDlcJ,Electronic,Electronic,,7569
37i9dQZF1EIeaiJIBkDhmZ,Electronic Instrumental Upbeat Mix,Electronic,Electronic Instrumental Upbeat music picked just for you,50
37i9dQZF1DXaRycgyh6kXP,Electronica Romantica,Electronic,Delicate digital expressions of the heart.,100
2dSQcoCKV4wPU56fdVCXIr,Electronic,Electronic,For all your electronic needs,1814
37i9dQZF1EIcKq2xPWF4rF,Electronic Pop Dance Mix,Electronic,Electronic Pop Dance music picked just for you,50
37i9dQZF1DWVCHIm2MEeIy,Electronic Circus,Electronic,This is our playground! ü™©‚Ää,80
006HGHIRMS4Vsnqbx7Nyml,Electronic Dance Music,Electronic,"¬°Sigue la Playlist con todas las novedades, lanzamientos y canciones favoritas de EDM ! Editadas por el equipo de @YTRocket",121
4sjsye4xyuVeYFQh0MJlMG,Electronic Chill,Electronic,"The best new down-tempo Electronica, curated by Enhanced. Lose yourself in these sonic gems for study, focus, reading, relaxing and meditation üå± <a href=""https://ffm.link/m1jwbqo/"">Instagram</a>, <a href=""https://ffm.link/db6jmde"">YouTube</a>",100
563J6xdeKsjQIHuTMIUhRh,Electr√≥nica Cristiana 2024 Latin,Electronic,"La mejor musica electronica cristiana para celebrar a Dios! Los mejores exponentes latinos. Carlos Herrera Music, DJ PV, Capital Kings y Mas! La mejor fiesta CEDM, Hermoso Momento Remix, LumiNation, dj cristiano. mint latin, balada gospel, pulso latino, Christian Dance Party, Novedades Cristianas.",57
2d9lHmnihS5rVfQPLSezIj,Electronic,Electronic,,421
5naKPTSE4Y1OI5YE97KvoO,Electronic Dance Music 2024 üî• Top 100 EDM Songs üî•,Electronic,"A Playlist with the Best Electronic Dance Music in 2024. Top 100 EDM Songs. Music by: Calvin Harris - Swedish House Mafia - Alan Walker - Alok - Topic - Martin Garrix - Imanbek - David Guetta  &amp; many more. Subscribe to my <a href=""https://bit.ly/2TsZhdd"">YouTube Channel</a>",100
37i9dQZF1EIgtdfeeWwF7B,Electronica Mix,Electronic,Electronica music picked just for you,50
42EjVedj4QyI7hSYjglAMM,Electronical Music Mix,Electronic,"Explore the best in electronic beats and melodies with our dynamic mix. From pulsating techno to uplifting house, dive into a sonic adventure that&#x27;s perfect for any occasion. Tune in and let the electronic vibes take you on a journey",55
37i9dQZF1EIh4Tf0psZDsd,80s Electronic Mix,Electronic,80s Electronic music picked just for you,50
37i9dQZF1DX4Y1uAfxGdKJ,Electronic Running,Electronic,Driving electronic grooves for improved motivation and performance.,125
2MvZt8KDj5hTyiPrtIPL00,Electronic ,Electronic,,117
37i9dQZF1EIcY8HWMImswV,Electronic House Techno Mix,Electronic,Electronic House Techno music picked just for you,50
5hz19hzgRtxwZ6wq7mhuRD,Electronic ,Electronic,,121
5Gqcwt5qAmsMVjNwiYtIdG,Electronic 80S: The Collection,Electronic,"A selectrion of great 80&#x27;s Electronic music including Frankie Goes to Hollywood, New Order, Visage, Japan, Joy Division and The Human League plus many many more!",93
1AhgIYOtT2nl2KWXbGJpF1,Electronic Hits,Electronic,Playlist Additions: contact@playlistrockers.com,28
6KeFf2y1VdaT5lL1MUwCNh,Electronic ,Electronic,,465
57rLc4B0AUS2yKNwP9IMUr,Electronic Chill & Deep House,Electronic,"The best electronic, chill and <a href=""https://open.spotify.com/user/uoak/playlist/2KztSYn8YLdjiQ83NXeEHI?si=eDoLC5KVQaCcQ4KBbnhClA"">deep house</a> music. Chill Out | Relax | Vibes | Organica | Campfire | Summer | Verano | Lounge | Bar | Beach | Summer | Sunset | Cafe Del Mar | Ushuaia | Ibiza | Bali | Anjuna | Miami | California | Surf | Boarding | Los Angeles | London | Amsterdam | Travel - by <a href=""https://open.spotify.com/artist/4hYS3fIqfvtmZPbbggczYk"">UOAK</a>",137
58Ny2wYW8Q9EgZzt7M8fvv,Electronic,Electronic,Playlist transferred with SongShift,934
2rwjhuZRaEcg9pn6dKgqHo,Electr√≥nica y tribal,Electronic,,41
3ZUerhgZ161wXvwbzJt9NF,Electronic ,Electronic,,358
37i9dQZF1DWVXNkY9grbsT,Electronic X,Electronic,Genre-defying artists pushing boundaries in electronic ambient music. Cover: JakoJako,100
76rLpqWKymmE4sPFoKs4sb,Electronic üéßüé°,Electronic,,2008
0EEyyWlzh5D43SkICulZDb,Electronic,Electronic,,52
3DmUvC0o8dFg8GLa4B4iZc,Electr√≥nica para correr,Electronic,,75
28QUkpglOCr1miX9gvShpe,Electronic,Electronic,,57
3uCdKTPge0wB79lLccykc0,ELECTR√ìNICA CHILL,Electronic,,86
78FAHf1EgAN5nr99XDn92d,Electronic,Electronic,,310
37i9dQZF1EIeoahuheySfx,Electronic Chill Mix,Electronic,Electronic Chill music picked just for you,50
3wHssgBiHyegTohtHXzBvX,Electronic,Electronic,,83
5c30wPSxoNd2yfIT34TeWt,Electronica Para Hacer Ejercicio 2023 üí™,Electronic,"M√∫sica Electr√≥nica Motivadora para Hacer Ejercicio, Entrenar en el Gym, Correr, Deporte, Ejercicio Duro",95
1YmcFcF4lj7jqlnu6wchAq,Electronic,Electronic,,165
4JWP15QmJh1ODr8YxpAda5,Electr√≥nica 2015,Electronic,,134
0PMn3nBpFjus5JntEFTazr,Electronic,Electronic,,67
37i9dQZF1EIcFSbGi7pMSd,Electronica Smooth Mix,Electronic,Electronica Smooth music picked just for you,50
2OPD9W5dEtT4UZbtG9i0jx,Electronic ,Electronic,,150
11yKZhIF3zmPluieQdIR9n,ELECTR√ìNICA 2024,Electronic,Las mejores musicas electronicas 2024 .,160
37i9dQZF1EQnqst5TRi17F,Hip Hop Mix,Hip hop,"<a href=spotify:playlist:37i9dQZF1EIW8xRaYy9ebd>Future</a>, <a href=spotify:playlist:37i9dQZF1EIWR2Z7ggXEKn>Drake</a>, <a href=spotify:playlist:37i9dQZF1EIY04Fl9yO84f>¬•$</a> and more",50
7616f9lrzYe9p121YRV9PT,HIPHOPüáØüáµ,Hip hop,,166
56un2laj6rmMUKhDlkUkAY,Classic Hip-Hop,Hip hop,"Classic Hip-Hop hits from the 80s, 90s, and 00s. ",92
37i9dQZF1DX30w0JtSIv4j,Hip-Hop House Party,Hip hop,"Experience Louis Theroux's Hip Hop House Party and listen to his <a href=""https://open.spotify.com/show/7LuQv400JFzzlJrOuMukRj?si=b8abc7800daf4d8c/"">new podcast</a>",40
5w1tpKUOXrQ4hQbYPcK5fn,HipHop,Hip hop,,378
5TZkls9cEOzWDR6qCxwDot,HipHop 2024,Hip hop,Finest of the finest HipHop playlist on Spotify. Cover by: Drake,251
696fgrOcxfuSWtnLW5VOYw,HIP-HOP CLASSICS (1980-2000),Hip hop,"Old School Hip-Hop Classics, handpicked by Wolfgang Wee",102
77YU1yoFNNkSwzuK4K8rCy,HipHopüéôÔ∏èüîã,Hip hop,,384
0dMexqq0XIWS3QJ74z3ZhD,Hip Hop 2000s Music - Best Hip Hop Hits of the 00s Playlist (Top Hip Hop Songs from 2000 to 2009),Hip hop,Find our playlist with these keywords: best 2000s hip hop music - 2000s hip hop music - 2000 hip hop - 00 hip hop songs - hip hop music video 2000s - 2000s hip hop hits - 2000s hip hop - hip hop 2000s - hip hop music mix 2000s - hip hop music video mix 2000s - best 2000s hip hop - 00s hip hop mix,150
3aICQkMzGVTlcctzb3LTXF,HipHop,Hip hop,,578
37i9dQZF1EIdZFdTlGR1gX,Hip Hop Pop Rap Mix,Hip hop,Hip Hop Pop Rap music picked just for you,50
38f6QN6MzTMUt2PcWwtLUh,HIPHOP,Hip hop,,76
39JeQsP18AprqbQSMU7IFb,hip-hop,Hip hop,for inquiries pls email: hannah@craftplaylists.com &#x2F; this playlist is anything and everything hip-hop &#x2F; featuring J. Cole,18
0qAEfsMMcvyRQF0HBCqPNx,HIPHOP,Hip hop,,968
37i9dQZF1DXbkfWVLd8wE3,Hip-Hop Classics Party,Hip hop,Classics like In Da Club,90
2NoR0KhNZ8oZnC3HoNt2FV,Hip-Hop and Play ,Hip hop,,670
45zbJ3jbabnVHcMA5av9rz,HipHop,Hip hop,,200
37i9dQZF1DX186v583rmzp,I Love My '90s Hip-Hop,Hip hop,"Real rap music from the golden era.
",100
3jOnC4IJq0INjZMgzqGjdl,HIP HOP ACADEMIA TOP,Hip hop,,94
2wIdRjWawwz1M4TBR23ck6,HIPHOP,Hip hop,,359
37i9dQZF1EIgXHHGVukJbL,Clubbing Hip Hop Mix,Hip hop,Clubbing Hip Hop music picked just for you,50
7KziGHQSOy1CiUr8EdSb5L,HIPHOP,Hip hop,,332
37i9dQZF1DWYionwcEtT3p,Hip Hop Party,Hip hop,"Hip hop hits, version dancefloor !",50
3GcMffI2lQpKBrjBYnpgfw,Hip Hop Chileno üá®üá±,Hip hop,¬øMe falt√≥ una canci√≥n? Escr√≠beme por ig @pancho_fdsp,223
3JUkjKfQIlCwA7iDPXvxXa,HipHop,Hip hop,,355
5oN7X3cPTUkOJFPmVx5wCE,Hip Hop Bangers üî•,Hip hop,The Hottest hip-hip mixed with classic bangers! For Business Inquiries please email hiphopbangers1996@gmail.com,1227
3o8Z61jXBA0mt2M3jdVEnh,"Hip Hop, Rap & RnB 2000s Old School Mix",Hip hop,"Nelly, Usher, Ciara, 50 Cent, Ashanti, Missy Elliott, Luda Cris, Diddy &amp; much more",81
2zdg8BHmM5Lxg0z4cc97sV,HipHop,Hip hop,,85
4QHIRJkvPh2rjvQc07Stq1,dance choreo - hip hop ,Hip hop,&quot;hip hop is my passion. i love to pop and lock and jam and break.&quot; - martha from hsm,74
37i9dQZF1DWT5MrZnPU1zD,Hip-Hop Controller,Hip hop,Pass the sticks & press play. ,100
6V4OFwGURJ3tvoFsarxell,HipHop,Hip hop,,2034
37i9dQZF1EIfYOWZLm9iq6,Hype Hip Hop Mix,Hip hop,Hype Hip Hop music picked just for you,50
37i9dQZF1DX9s3cYAeKW5d,Hip-Hop Workout Mix,Hip hop,Tracks med god energi!,77
4WJVEJgBeuuCLvczyfFVkm,HIPHOP ,Hip hop,,167
37i9dQZF1DWUFmyho2wkQU,Hip-Hop Drive,Hip hop,Drive slow homie. cover: Big Tymers,150
3sw8zRvQd9YHK6Z7FCFgfw,HipHop ‚ö°Ô∏è,Hip hop,,861
6dPoZmfSRyD4yytxIVlTyO,"Hip Hop - Dance, choreography <3",Hip hop,Instagram: Odaeng1  -  Last updated: July 12th 2023,51
0Zn3zPGUWpfFucSuVWT8ME,HIP-HOP RAP rNB R&B 2024,Hip hop,Bringing the best upcoming hip hop r&amp;b &amp; rap music into 2024. Contact us via stayintunemusic@gmail.com,22
3ADO2mveBOSPG7ddRiRe8b,HipHop,Hip hop,,445
37i9dQZF1DXealDZnV5sQQ,Hip-hop Vi·ªát 2020,Hip hop,Nh·ªØng b√†i Hip-hop Vi·ªát ƒë∆∞·ª£c nghe nhi·ªÅu nh·∫•t nƒÉm 2020. ·∫¢nh b√¨a: Binz,50
06POqcOkhcnyqScumpKQ81,HipHop,Hip hop,,188
1AMjJPzpbIVVbvzFNHTAJD,STREET DANCE HITSüé≠,Hip hop,Best songs to pop and lock tooüòã,62
6CY4Hw9o6VjJaTTesUk8iK,HIP HOP DAS ANTIGAS S√ì AS MELHORES,Hip hop,O melhor do HIP HOP est√° aqui. Aquele hip hop antigo anos 90 e 2000 que todo mundo gosta! S√≥ as tops! Os cl√°ssicos!,140
0pgx1VUhV3yTbLWiEWHgdg,HIPHOP,Hip hop,,244
36TUjtIQJm10YaBloHqfJC,[hip-hop],Hip hop,Keeping it lit all the way to the bank | submit@cuteplaylists.com,15
5flHu0lqNzZyK62wdE7vfy,HipHop,Hip hop,,1158
6rzNHKVWfiopIr8pNXeUS8,Hip Hop Chileno üá®üá±  Vieja Escuela,Hip hop,Lo mejor del hip hop chileno üî• los inicios üí™üèº,72
7sQwLipFlaihfmGcJVyiN3,HIPHOP,Hip hop,,1083
6o874za9wYEGYjnDmEUUOS,[[ Hip - Hop ]],Hip hop,CURADORES Y NOSOTROS MISMO HAREMOS POSIBLE QUE NUESTRA MUSICA LLEGUE A MAS PERSONAS #hiphop,34
37i9dQZF1DXbITWG1ZJKYt,Jazz Classics,Jazz,The best tunes in Jazz history. Cover: Wayne Shorter,250
37i9dQZF1DWV7EzJMK2FUI,Jazz in the Background,Jazz,Soft instrumental Jazz for all your activities.,871
37i9dQZF1EQqA6klNdJvwx,‡∏°‡∏¥‡∏Å‡∏ã‡πå‡πÅ‡∏à‡πä‡∏™,Jazz,"<a href=spotify:playlist:37i9dQZF1EIWCJohaHcLid>Laufey</a>, <a href=spotify:playlist:37i9dQZF1EIUC3rFnZLjAI>Louis Armstrong</a>, <a href=spotify:playlist:37i9dQZF1EIYVcksTlhqrZ>Frankie Valli</a> ‡πÅ‡∏•‡∏∞‡∏≠‡∏µ‡∏Å‡∏°‡∏≤‡∏Å‡∏°‡∏≤‡∏¢",50
6ylvGA8NeX2CuaeGtwHWDJ,Jazz Greatest Hits,Jazz,,209
37i9dQZF1DXa1rZf8gLhyz,Jazz for Sleep,Jazz,Let these calm Jazz tracks lull you to sleep.,436
37i9dQZF1DWZCkamcYMQkz,Feel Good Jazz,Jazz,"Warm and cozy jazz vibes to get you in a positive mood.

",100
37i9dQZF1DX3SiCzCxMDOH,Jazz for Study,Jazz,Find your study focus with calm instrumental Jazz.,601
37i9dQZF1DX8Kgdykz6OKj,Jazz Rap,Jazz,Laid back cratedigger hip-hop from around the world.,100
6KqvPdu7JKkoOS6e0rcoFn,Sassy Jazz/tap dance songs,Jazz,Go listen to my brothers band Montclair they got  4 songs‚ú®,309
37i9dQZF1DXbHcQpOiXk1D,Jazz UK,Jazz,The best from Britain's vibrant scene. Cover: Jordan Rakei,75
2ENntVk8NTVSMMbhGwm233,nyc jazz club,Jazz,,25
37i9dQZF1DX0SM0LYsmbMT,Jazz Vibes,Jazz,The original chill instrumental beats playlist.,300
37i9dQZF1EIdgqvd8Qfc5i,Chill Jazz Mix,Jazz,Chill Jazz music picked just for you,50
7i8PotqqlAb88Bwybh7PAk,Jazz House 2024,Jazz,"A blend of jazz house and lounge music that will suit laid back vibes in elegant living rooms, wine bars and poolside coktails. Featuring artists such as berlioz, Tour Maubourg, Saint Germain, dublon, Loure, Folamour, Bellaire, Table : jazzy house, jazzy, chill vibes ,beach jazz, lofi  #jazzhouse",194
70RNYDzrvGZrxOFDrmb7If,Jazz Dance Music üéÜ,Jazz,"Great Songs To Choose From For Jazz, Tap, and Hip Hop!üü™SOME SONGS MAY CONTAIN SWEAR WORDS AND ALSO MIGHT NOT BE FITTING FOR ALL DANCERSüü™",731
56JeiLWoHcx7rYma5bQNL8,"Jazz para Dormir üí§ (Relaxar, Aliviar o Estresse, Dormir)",Jazz,Deixe o jazz embalar seu sono.,209
37i9dQZF1EIeptNKrK95ex,Jazz R&B Soul Mix,Jazz,Jazz R&B Soul music picked just for you,50
15U9N9qC3XMs0z7jyfOMgN,jazz,Jazz,,72
37i9dQZF1DWSGaMpjluQpy,Jazz in the Rain,Jazz,Sitting in a cozy caf√© studying while the rain is pouring down outside. ,118
37i9dQZF1DX4wta20PHgwo,Late Night Jazz,Jazz,The perfect backdrop to an evening spent relaxing in solitude.,200
37i9dQZF1DX72wBcERxgla,Jazz for Reading,Jazz,Jazz piano to accompany your reading.,446
2uGtHlsrXprWFdIf7jqYsV,Classic jazz blues and soul ,Jazz,"Classic jazz, blues, and soul songs all composed by the people who created the foundation of modern music   @guyhanji on ig",87
37i9dQZF1DXdziGPHNE40t,Jazzy Morning,Jazz,Start your day right and wake up with some calm and cool Jazz.,410
37i9dQZF1DX2vYju3i0lNX,Chilled Jazz,Jazz,Mellow jazz to stay focused or unwind.,722
22jC9pJOs1cEsBX68YOPO2,jazz songs everyone knows ,Jazz,,73
37i9dQZF1DWTbzY5gOVvKd,Jazzy Romance,Jazz,Jazzy love songs. Cover: Lady Gaga & Tony Bennett,100
37i9dQZF1EIhOwuyQWgxIR,Funky Jazz Mix,Jazz,Funky Jazz music picked just for you,50
37i9dQZF1DXbehaqJzJXqw,French Jazz Caf√©,Jazz,You are sipping on your coffee in a caf√© in Paris while a Jazz band plays somewhere in the background. ,80
37i9dQZF1DWUb0uBnlJuTi,Jazz-Funk,Jazz,Jazz. But funky. Cover: Sly5thAve,200
7H4CTHKbfJABTLN2uZTzYt,Jazzy Skye Songs,Jazz,,16
6GNoAopv64BlP5oFXrGbza,Jazz Covers Popular Songs,Jazz,Jazz Covers Of Pop Songs - Smooth Jazz Chillout Lounge - Jazz Lounge - Bar Jazz Classics - Jazz Covers - Jazz Music Best Songs  ,285
37i9dQZF1DWWR73B3Bnjfh,Jazz Noir,Jazz,The melancholic and soft sound of Jazz.,75
1Y7PatV63B17aOPbRw8toZ,JAZZ TO EASE THE SOUL,Jazz,,33
37i9dQZF1EIh7VDlfrYWx5,Jazz House Mix,Jazz,Jazz House music picked just for you,50
37i9dQZF1DXbOVU4mpMJjh,Jazz Relax,Jazz,Relax to gentle vocal and instrumental Jazz.,800
6bxZWDnIyq4H1KC8k1r3kZ,sassy jazz/jazz dance songs,Jazz,,127
37i9dQZF1E4xks3HZOqMP7,‡πÇ‡∏´‡∏°‡∏î‡∏ß‡∏¥‡∏ó‡∏¢‡∏∏ Jazzy,Jazz,"‡∏Å‡∏±‡∏ö Belters Only, Clementine Douglas, RoRo ‡πÅ‡∏•‡∏∞‡∏≠‡∏µ‡∏Å‡∏°‡∏≤‡∏Å",50
37i9dQZF1DX5q7wCXFrkHh,Jazz Piano Classics,Jazz,The classic piano recordings in Jazz. Cover: Oscar Peterson,100
4iDpkTkmEyehYwMvxXLNm0,Jazzmasters 1-2-3-4,Jazz,,61
1Fptj4jcPfKB8OnktDbhr5,JAZZ ROMANTICO,Jazz,,13
4J3uR1W1TDo3G8D97IN9Qu,old jazzy romantic calm,Jazz,like a smoking parlour,83
2Uj84Ft52o55ukL1tMOnpZ,Jazz,Jazz,,111
4uJSmc5TqVP0QifNLLWXJ6,Jazzy‚Äôs JazzüôÉ,Jazz,,164
37i9dQZF1DWVw7xU7q62kt,Jazzy Beats,Jazz,Beats with a flavour of Jazz. Cover: Blue Lab Beats,150
1VyUr1MD5Js3UT2v8c5KkI,Jazz Guitar And More,Jazz,"soft guitar music, gentle tones for gentle people",23
37i9dQZF1DWVqfgj8NZEp1,Coffee Table Jazz,Jazz,Relax to the sound of gentle instrumental Jazz.,133
37i9dQZF1EIUJCPA7HiJjG,Jazzy ‡∏°‡∏¥‡∏Å‡∏ã‡πå,Jazz,"<a href=spotify:playlist:37i9dQZF1EIYN3Rpf7yJ2Q>Eliza Rose</a>, <a href=spotify:playlist:37i9dQZF1EIZvz2D205k2x>Switch Disco</a> ‡πÅ‡∏•‡∏∞ <a href=spotify:playlist:37i9dQZF1EIWDwzW9iWjYY>LF SYSTEM</a>",50
5TNGJeYkQvZBzuj2LiDxlP,70's Funky Jazz Fusion,Jazz,"Herbie Hancock, Grover Washington, Deodato, Tower of Power, Kool &amp; The Gang, Lonnie Liston Smith, Patrice Rushen, Mandrill, Jimmy McGriff, Haggis Horns, Big Boss Man, Bob James, James Taylor Quartet, Lafayette Afro Rock Band, Pleasure, Salsoul Orchestra, Richard Groove Holmes",46
37i9dQZF1DWXwi9yXPDI9y,Jazz Bar,Jazz,Have a drink and relax to the Jazz played in the background in the bar.,100
37i9dQZF1DWWQRwui0ExPn,lofi beats,Jazz,"chill beats, lofi vibes, new tracks every week... ",750
37i9dQZF1EQncLwOalG3K7,Pop Mix,Pop,"<a href=spotify:playlist:37i9dQZF1EIV1oCGxzhRed>Taylor Swift</a>, <a href=spotify:playlist:37i9dQZF1EIX3vr6UVonYQ>Sabrina Carpenter</a>, <a href=spotify:playlist:37i9dQZF1EIZmiMdghgNzg>Artemas</a> and more",50
6mtYuOxzl58vSGnEDtZ9uB,Pop Hits 2000s ‚Äì 2024,Pop,"old but gold, all the best throwback songs to new hits, pop, rnb, edm, rap, workout music and more! :)",283
37i9dQZF1DX2KwEtNSejGe,pop songs we can all scream,Pop,songs you can't help but scream along to,100
5BuuEPPb6DxfKiVNack6nE,Popular Fortnite Emote,Pop,Fortnite Vibes ü•µü§ëüí™üî•üî•üéÆüéÆ,10
2xutOn4Ea4RyjuaRaD3jl3,pop songs everyone knows üçí,Pop,songs for your inner basic teen white girl and songs that you forgot you loved.,175
37i9dQZF1EIXlV79T2jjAv,Pop Smoke Mix,Pop,"<a href=spotify:playlist:37i9dQZF1EIWR2Z7ggXEKn>Drake</a>, <a href=spotify:playlist:37i9dQZF1EIUm7vpnc9XoE>Offset</a> and <a href=spotify:playlist:37i9dQZF1EIXOyFJo000jQ>Jack Harlow</a>",50
0q6brY5iXthENnSw6IS9K3,popular 10hours ,Pop,,417
37i9dQZF1DX4P18Z9pzZIZ,poppin' off,Pop,"hop on board, nonstop bops only!! ",65
37i9dQZF1EIdYDF5bwm196,Feel Good Pop Mix,Pop,Feel Good Pop music picked just for you,50
37i9dQZF1DWUa8ZRTfalHk,Pop Rising,Pop,Who's now and next in pop. Cover: Charli XCX,101
2XADm46IQsfwtmm16HQXVH,Poppy playtime Chapter 3 Songs,Pop,üáßüá∑ uma playlist para f√£s de Poppy Playtime e Project: Playtime üá∫üá∏ a playlist for fans of Poppy Playtime and Project: Playtime üá™üá∏ una lista de reproducci√≥n para fans de Poppy Playtime y del Proyecto: Playtime. p√¥r favor me siga - follow me - Seguime,69
5mHjseWRbEExCej6J1qsQJ,pop,Pop,for inquiries pls email: hannah@craftplaylists.com &#x2F; this playlist is for pop artists and pop artists only &#x2F; featuring Dua Lipa,15
019qx1hdr1eUmLGhj1IYXd,Poppy playtime songs ,Pop,Songs that were made for the game poppy playtime ,12
6Eqkon0vjpLmYOc5z3LLUq,Pop Rock Nacional - As Melhores,Pop,"Os maiores sucessos do Pop Rock Nacional anos 80, 90 e 00. Pitty, Charlie Brown Jr, Capital Inicial, CPM22, Engenheiros do Hawaii e muito mais! @hotspotlists",109
1Cgey68pUlQGsCPI2wJuxr,Best of 2024 üî• Most Popular Hits 2024 + 2023 + 2022 + 2021 Hits,Pop,Best 2023 hits. Bringing you the Best Songs and best new 2024 hits : Top Hits 2023 in one playlist weekly updated. Best 2023 Hits and new releases 2024. Global Hits 2023.,202
37i9dQZF1DWUPafHP1BJw1,Pop Goes Classical,Pop,"Your favorite pop songs, classically reimagined.",105
20LbRNjMXcpWsVI0Fmknel,Fortnite Emotes,Pop,Thank you all for 8000 saves‚ù§Ô∏è‚ù§Ô∏è‚ù§Ô∏è. You are the best Community‚ù§Ô∏èüëç,27
37i9dQZF1EIhG5F4iZSTGg,Pop Upbeat Mix,Pop,Pop Upbeat music picked just for you,50
7CqN3ld6jDWxoIwnbxb1dC,just to be popular,Pop,,41
2L2HwKRvUgBv1YetudaRI3,Pop 2000-2010 Bangers,Pop,"Some bangers, but no mash",355
1UGG6F4xY7GYiCMVXN3XIP,It‚Äôs a Popular Vibe,Pop,,171
2IuMRhi8LU5KJrMHdFIl0V,Popular Spanish songs ,Pop,,21
37i9dQZF1DXasneILDRM7B,Pure Pop Punk,Pop,Please stand for your personal anthems. Cover: Paramore,100
37i9dQZF1DXaPCIWxzZwR1,Pop Sauce,Pop,next gen pop Cover: Camila Cabello & Lil Nas X,100
3i2pjPvqcCKdsedzm1tHGv,TikTok Music 2024 - Best TikTok Songs & TikTok Hits - Viral Hits - Best TikTok Viral Songs FYP,Pop,TikTok Viral Songs - Top TikTok Tracks - Only Best Viral Songs - Popular Songs - Best Tiktok Viral Songs - TikTok Top 30 - TikTok Dance Hits - TikTok Dance Songs - Tiktok Chart - TikTok Top 40 - Tik Tok Dance - Tik Tok Chart - Global Hits - Tick Tock!,106
37i9dQZF1DXadasIcsfbqh,Pop Country,Pop,Pop country hits of today and tomorrow. Cover: Tucker Wetmore,100
5KJDMJe9EJ7QRz8FG2MIpI,BEST HITS 2024 üî• Popular Songs üéµ Top Music Hits,Pop,Best Hits 2024 | Popular Songs 2024 | Top Music Hits | Today Top Hits | Viral Hits | Radio Hits 2023/2024 | Summer Music Mix 2024 | Best Of 2024 | Summer Vibes | Deep House | Pop Vibes | Top Songs | Top Music | Global Hits | Best Songs| Clean | Pop Hits | Viral Pop - updated and active! :),146
37i9dQZF1EIXh8lsq2FC4v,Popcaan Mix,Pop,"<a href=spotify:playlist:37i9dQZF1EIUnmPR4i9cLE>Byron Messia</a>, <a href=spotify:playlist:37i9dQZF1EIXSIPdIEr9lt>DJ Frass</a> and <a href=spotify:playlist:37i9dQZF1EIW3zIEbOPAkH>Shenseea</a>",50
0kxFGNuDebfYnWIIZncicM,Poppy play time 3 deep sleep,Pop,,46
7iSl9k6tTsfBltuoU1xsaq,Popular ayesha erotica songs,Pop,live laugh ayesha erotica ü¶Ö,42
5lXk2K5OsI17VUDOOdOdwA,"Poppy Playtime Chapter 3 ""Deep Sleep""",Pop,Full OST with Chapter 3 &quot;Deep Sleep&quot; and songs. Poppy Playtime Chapter 3 &quot;Evil&quot; Trailler. Everything from Chapter 3 with Poppy Playtime.,46
37i9dQZF1EIg1p0x6beBBb,Pop Punk Mix,Pop,Pop Punk music picked just for you,50
1dlN1VdcKXSMi1OoUxXxsz,All Poppy Playtime Songs,Pop,This only has fan songs about Poppy Playtime and Project Playtime. updated: 5&#x2F;3&#x2F;24,75
37i9dQZF1DXcZDD7cfEKhW,Pop Remix,Pop,"Remixed pop and <a href=""spotify:genre:edm_dance"">dance</a> collabs. Cover: FISHER + Jennifer Lopez",75
10P3hE599XmLaUK7nPSE27,Pop Party: All Albums ,Pop,"This is the complete Pop Party playlist with all your favourites from all 13 editions of Pop Party. Enjoy!¬†For more playlists, please <a href=""http://open.spotify.com/user/pop_party_umtv"" target=""_blank"">visit our Pop Party profile</a>. Check out our other playlists: <a href=""http://open.spotify.com/user/pop_party_umtv/playlist/7ie7HfCHatanGffxDb4vqI"" target=""_blank"">Pop Party</a> |¬†<a href=""http://open.spotify.com/user/pop_party_umtv/playlist/1wZWGSb3Q5Ed9crj1g78g9"" target=""_blank"">Dance Party</a> | <a href=""http://open.spotify.com/user/pop_party_umtv/playlist/32kkrQh27vdxvQGf90z303"" target=""_blank"">Pop Princesses - For Girls</a> | <a href=""http://open.spotify.com/user/pop_party_umtv/playlist/6PuZh01shPG9drL76momYt"" target=""_blank"">Kings of Pop - For Boys</a> |",208
3nDnHdnpmqWODw6igh5M6K,POP SUNDA DOEL SUMBANG,Pop,,40
34NbomaTu7YuOYnky8nLXL,Pop Hits 2024 (Top 50),Pop,Best Pop Hits,50
5jBRDq0TRLj2iEgmbQYqu9,POP en Espa√±ol 2024 Exitos,Pop,La mejor selecci√≥n de m√∫sica Pop en Espa√±ol ‚ú®‚ú®‚ú®,113
37i9dQZF1DX1ewVhAJ17m4,Pop Punk's Not Dead,Pop,All the best new songs from the pop punk scene. Cover: The Story So Far ,80
4ASGb9HSoMEUekd7ClxZxZ,Pop Punk Throwback Bangers - 2000s Emo Punk Rock Hits,Pop,Take it back to 8th grade with this mix of pop-punk powerhouse tunes full of headbangin and heartbreak. Enjoy the nostalgia trip! And stay emo forever! When We Were Young,215
6ecwS0lvAVGVjSLeW9hyJ0,CatNap playlist,Pop,These are just songs that I think he would like,114
37i9dQZF1E4pSe4zcPlJan,Pop Smoke Radio,Pop,"With Lil Tjay, Polo G, Roddy Ricch and more",50
0PRdoB5MLjjqBYBEI7jGO7,gegagedigedagedago,Pop,gegagedigedagedagogegagedigedagedagogegagedigedagedagogegagedigedagedagogegagedigedagedagogegagedigedagedagogegagedigedagedagogegagedigedagedagogegagedigedagedagogegagedigedagedagogegagedigedagedagogegagedigedagedagogegagedigedagedagogegagedigedagedagogegagedigedagedagogegagedigedagedagogegagedigeda,15
2APVTN27nKIFNMrJ8GXo8U,Pop Internacional ‚ú® ,Pop,"As mais tocadas do Pop Internacional de 2023 e 2024 que est√£o bombando em uma s√≥ playlist!  The Weeknd, Anitta, Olivia Rodrigo, Kali Uchis, Taylor Swift, Selena Gomez, Post Malone, Billie Eilish e mais!",164
4TvD5NCB8hYUHXoRYHa0F5,Popular nasheeds,Pop,,15
5Nt2It0EXTdjxUEwaCEEof,Popular Brazilian Songs üî•üáßüá∑,Pop,Popular Brazilian Songs üî•üáßüá∑,100
1KXlsihX7BQkni3B9mxsv2,POP 2024üé§Exitos,Pop,"La mejor selecci√≥n de m√∫sica Pop en Espa√±ol 2023 y 2024. Pop Latino, Pop en espa√±ol, Pop lo mas nuevo, Pop lo Mejor",172
4vLIuN61ezWShxZaUz8F8V,PopWorld Classics,Pop,,250
37i9dQZF1DX2i24iHGhL24,Pop Covers,Pop,Reimagined pop covers of your favorite songs.  Cover: Ed Sheeran,85
5nYj43JXdyVx0yAtY5OVFP,POP BANGERS 2000-2024,Pop,Over 30 hours of the best pop songs from 2000-2024 (With some exceptions)  -Henry,584
37i9dQZF1EIfCD6nwYB5OF,Punk Rock Mix,Punk,Punk Rock music picked just for you,50
37i9dQZF1EQqlvxWrOgFZm,Punk Mix,Punk,"<a href=spotify:playlist:37i9dQZF1EIXUnJZ0o9nRn>blink-182</a>, <a href=spotify:playlist:37i9dQZF1EIUIkcr240j2N>Jimmy Eat World</a>, <a href=spotify:playlist:37i9dQZF1EIUS4AX2TRHgq>Green Day</a> and more",50
76iQv4c5qSM4AgvXph4rJu,Early 2000s Punk Rock,Punk,,120
39sVxPTg7BKwrf2MfgrtcD,Punk Rock (90‚Äôs & 00‚Äôs),Punk,,206
5XEDGTA0v2FGh8O2Qid8BX,Punk Classics,Punk,"The ultimate punk rock playlist. All-time punk anthems from the 70‚Äôs until today with The Clash, The Damned, Sex Pistols, The Stranglers, Ramones, X-Ray Spex, The Only Ones",262
72t3yqJQzJrupxWVyBFztJ,Punk Goes Pop Greatest Hits,Punk,A greatest hits playlist based on the long standing Punk Goes Pop series released by Fearless Records.,138
37i9dQZF1DX3LDIBRoaCDQ,Classic Punk,Punk,Classic songs that built the foundations of punk. Cover: Johnny Rotten ,100
0wmtlZvu2GTcRhhJnvTXax,"Yo yo yo, if you dont shut your mouth...",Punk,"Imma shut it for u, PUNK! Also pls go look at my other playlists :)",41
4IU7ct9roGAz6Q3m1j7fTJ,Punk,Punk,"Hardcore Punk, Riot Grrrl, Ska Punk, Anarcho, and Punk Rock. Photo: Brian Brannon of JFA taken by Edward Clover",3082
2xNF7Kk8vkclPSlMY6iA1Q,Punk tactics like songs,Punk,,24
37i9dQZF1DXd6tJtr4qeot,Punk Essentials,Punk,All the of punk rock that you need in your life. ,50
2NiivbvEJNRfXlicF1AMcd,Punk Rock Factory - All Songs,Punk,Vem fazer parte do exercito da salsicha! &#x2F;&#x2F; Come to be part of the sausage army!,116
37i9dQZF1DX0BZrbvIqxCd,Punk Rock Workout,Punk,A mix of punk rock to get you through your workout.,100
37i9dQZF1DXa5NcWaE6TiQ,Punk Argento,Punk,"Pogo, mosh y distorsi√≥n. ¬°Larga vida al punk criollo!",100
3kLvyHSyrQ2LGO5KdkaYJX,"Punk Goes Pop, Vol 1-10",Punk,,95
4cGXNhu0xWaMgA8fNzqacU,Punk Goes Pop Vol. 11 - 2024,Punk,"want your music here? send a DM on instagram to @yoursonginmyplaylist. the best pop songs in heavier versions! rock versions of billie eilish, dua lipa, lis nas x, ed sheeran, the weeknd, justin bieber and more! got you covered! punk goes pop 2024, playlist always updated!",138
2valBZze56Z4wDuDR0FruB,PUNK M√âXICANO üá≤üáΩ,Punk,,347
4YAdSc8NQ4IL4b1ErlkP0u,Punk Goes Disney,Punk,"A fun collection of rock, punk, and other Disney covers that the whole family can enjoy. ",393
3NnLKQOBbDjQJ492httrok,Punk Rock Classics,Punk,,112
0V9MK2JRG2FabgEEzuOyAK,Punk colombiano hijueputa,Punk,,12
2UHkNKl7sKqXrC2Haza553,Punk goes Taylor Swift,Punk,taylor swift punk covers &#x2F; swemo &#x2F; punk goes pop &#x2F; emo taylor swift covers &#x2F; taylor swift rock covers &#x2F; taylor swift metal covers &#x2F; taylor swift covers &#x2F; punk but its taylor swift &#x2F; punk taylor swift covers &#x2F; rock taylor swift covers &#x2F; taylor swift emo night &#x2F; metal taylor swift covers ,102
1huqrEicWqOj9rzHNNGz1m,üî•Punk Chileno üî•ü§üüèªüíÄ‚ö°Ô∏è,Punk,Bandas emblem√°ticas de la escena chilena.,68
2E38PD8ZzFlmBGzxFHFEQb,Punk Nacional,Punk,,398
00GzgsSMCYyDUAnWe8XfGN,Punk Rock Mexicano,Punk,,58
37i9dQZF1E8MWN5CmJnaTR,Punk's Dead Radio,Punk,"With SOFT PLAY, Lady Bird, Drenge and more",50
4qrA2u0kpGkoKqxumskzAq,Punk Rock from Indonesia,Punk,"Popular punk rock, melodic, and pop punk from Indonesia I personally like. Regularly updated.",240
37i9dQZF1E8LtZNttmzpB4,PUNK TACTICS Radio,Punk,"With Joey Valence & Brae, Freddie Dredd, MF DOOM and more",50
37i9dQZF1EIWm6QYqhaRNZ,Punk Rock Factory Mix,Punk,"<a href=spotify:playlist:37i9dQZF1EIW0PZWHevq2N>Suburban Legends</a>, <a href=spotify:playlist:37i9dQZF1EIZPurNOo15Jp>Stellar Kart</a> and <a href=spotify:playlist:37i9dQZF1EIZLWLKhrxRLb>Primetime Failure</a>",50
37i9dQZF1EIeswQIi3ycUl,Punk Metal Mix,Punk,Punk Metal music picked just for you,50
1zOkqq6Gd0Gt8M7ooUwUtE,Punk Rock Argentino,Punk,"Argentina Punk Rock. Es estrictamente de Argentina. Incluye algunos temas y generos que quizas pertenecen a la escena Alternativa, Hardcore pero exclusivamente Argentino. @thedatalink",221
1HrWoN3s5r5HTvQamnit76,Punk Italiano '90,Punk,Il Meglio del punk italiano anni &#x27;90,67
77b0M238UrOmxY1M2h8iLS,Punk para entrenar,Punk,,59
0QoqnQL5oosqM7Non9KLGh,Punk Rock - by 23punk,Punk,All decades and styles of punk. IG: @23punk_,89
1SOjEMrz19ajy2eBPnpSEC,Punk Argentino de los 90,Punk,,149
1jQx9cBFAsfnMV0tckNMQz,2000s Pop Punk Hits,Punk,pop punk hits from the 2000s my dude!!,158
37i9dQZF1DXbB7yFaZiAQX,'80s All Lined Up,Punk,"'80s New Wave, New Romantic and Post-punk.",150
37i9dQZF1DX3MU5XUozve7,Skatepark Punks,Punk,A mix of new and classic melodic punk songs.,100
37i9dQZF1DZ06evO2CNgSk,This Is Daft Punk,Punk,"This is Daft Punk. The essential tracks, all in one playlist.",50
0rPs2MGwz1xT5MtNiLBP69,Best of SKA,Punk,"The best SKA songs of all time! Featuring, Trojan Ska, 2 Tone Ska, Bluebeat Ska, 3rd Wave Ska, Ska Punk, Skinhead Reggae, Studio One, Hellcat Records &amp; more! As picked by fans of Death of Guitar Pop.",129
7kriuWHWdInSsbKwiPGZ1a,"Ska, Mod, Punk and New Wave",Punk,"Contains the best of Ska, Mod, Punk and New Wave that was being listened too in the UK. In my opinion. - Remember to shuffle.",190
3HK7ijkfbOD4Qb3OJV4FWv,Green Day ((Best Of)),Punk,"They are punk and they are pop. They are alternative and they are rock. Born out of a little green bag, they often like to go off the beaten track.",68
4jI0w5igu774l980bztksb,"Alien Cake Lofi üëΩ 90‚Äôs Grunge, Emo, and Pop-Punk ",Punk,"Bringing You Lofi 90‚Äôs Grunge, Emo, and Pop-Punk From a Cosmic Realm.  SONG REQUESTS <a href=""https://docs.google.com/forms/d/e/1FAIpQLSf83Rl6PEXrBCKeFcvFdPzWHbwfXRTMPS8EcxJmTlf9qzBfeA/viewform?usp=sf_link"">HERE</a>",228
37i9dQZF1DX3Gj7nguS95W,Is it New Wave?,Punk,New wave took the 70s punk blueprint and ran wild! Cover: Blondie,50
37i9dQZF1E4ow1baELNnKm,Daft Punk Radio,Punk,"With Justice, The Chemical Brothers, Kavinsky and more",50
37i9dQZF1EIZvbvrhfHXQ5,Daft Punk Mix,Punk,"<a href=spotify:playlist:37i9dQZF1EIWrM8JSlHPeE>Modjo</a>, <a href=spotify:playlist:37i9dQZF1EIXX38CcWkxMh>Eric Prydz</a> and <a href=spotify:playlist:37i9dQZF1EIVbojeQ6kD42>Kavinsky</a>",50
37i9dQZF1DXb1IUaS6F7Z8,Celtic Punk,Punk,All of the Celtic punk essentials.. Cover: Dropkick Murphys,50
71R43lBYQZ6JQXH6LmRo1I,Reggae Classics 70s 80s & 90s | The Best Reggae Songs Of All Time | Reggae Music Hits | Top Reggae,Reggae,Enjoy the best reggae songs of all time! (Curta as melhores m√∫sicas de reggae de todos os tempos.Foto: #BobMarley &amp;#x2F;Foto Gr√°tis Fonte:Pixabay) #ReggaeClassics #TheBestReggaeSongsAllTime #TopReggae  #UB40 #GregoryIsaacs #ZiggyMarley #Sublime #PeterTosh #BarringtonLevy #Shaggy #AlphaBlondy #TheWai,84
37i9dQZF1EQpjs4F0vUZ1x,Reggae Mix,Reggae,"<a href=spotify:playlist:37i9dQZF1EIWSgyDEjWIts>YG Marley</a>, <a href=spotify:playlist:37i9dQZF1EIVZELAGIAjbx>Bob Marley & The Wailers</a>, <a href=spotify:playlist:37i9dQZF1EIZGcZ6GuMzdf>Dread Mar I</a> and more",50
1SP1PjvAC3KxEgYfQdfGLX,reggae ‚òÆ,Reggae,,97
603yrFY9u1TcG39nNAIzt4,Reggae üáØüá≤,Reggae,Reggae üáØüá≤ info@improntamusic.com,310
6YIEDxhApJmTp27z1hhaOX, Reggae ,Reggae,,58
0uKEs5Je7unyIpYlK9d320,REGGAE GREATEST HITS,Reggae,,228
5EOQtSTv55aFHBlMOViq0r,Reggae ,Reggae,,124
5i68x8C2pFAIh5LkKkhO6e,Now Thats What I Call Reggae,Reggae,,60
37i9dQZF1DXbSbnqxMTGx9,Reggae Classics,Reggae,The ultimate reggae playlist. Cover: Bob Marley,100
0XPsa9AygLUdBEYmLMDuqz,Reggae ,Reggae,,411
03sDEv7FN58Mb9CJOs1Tgn,Reggaeton 2024 üòç üî•,Reggae,Today&#x27;s Top Latin Urban Music Of The Year 2024!#Reggaeton,151
1ByvryY7iljShu5IlV6zEy,Reggae,Reggae,,176
2R1Oele6b1foeKCpRHEJsx,Reggae antigo s√≥ as melhores,Reggae,üî•SIGA A LISTA: m√∫sica calma internacional üî•,147
3kVo9dTG2uFSE1IanpKMSm,Reggae,Reggae,,640
6buyfbddoaTUTXGZok6zno,Best Reggae Mix üáØüá≤ 2024,Reggae,best in new and ancient Reggae,211
2snJFgZ7BSzPtIMLBZKdrK,reggaeüå¥,Reggae,,265
22qF10NOvDYQzmiNltf8La,Reggae,Reggae,,83
37i9dQZF1DXbwoaqxaoAVr,Summer Sunshine Reggae,Reggae,Pop style reggae for a sunny summer vibe!,65
0p3UGioi4hirbfNx40fQQi,Reggae,Reggae,,229
1YQXj1fKBOrBopiaCsIhRo, ü§òDnB Dubzü§ò,Reggae,,767
4Psc497tUK9IlNmDc7XuBl,Reggae Brasil 2024 - Reggae Nacional - Reggae Brasileiro Natiruts Maneva Chimarruts Planta e Raiz üéµ,Reggae,Reggae Brasil 2024 - Reggae Nacional - Reggae Brasileiro Natiruts Maneva Chimarruts Planta e Raiz üéµ S√≥ as melhores m√∫sicas mais tocadas do Reggae Nacional Brasileiro. As Mais Tocadas. Novidades e lan√ßamentos. Natiruts Chimarruts Maneva Armandinho Cidade Negra ! Bob Marley,89
0vjT6QPLL4rBHZ6n4Hlgik,Reggae,Reggae,,191
3dPbfev3bJD2GeIwzZZE84,Reggae 2024 üáØüá≤ [new],Reggae,New Reggae music trending in 2024. Follow now! Filter by - recently added - to find the latest added songs on top. Independently selected by DJ Fabi Benz.,241
4alGT5J1zAXq4wT31WaxII,Reggae,Reggae,,50
3yGc2rDc3oZVnZ1QV4XYRn,Best reggae mix ever - Summer 2024,Reggae,Just enjoy good vibes and relax :),95
37i9dQZF1DX3KVUA2wMxEf,Reggae Luv,Reggae,Vibras rastafari para poner en sinton√≠a el coraz√≥n.,60
2AMoMpKzxejvA3u7TE5Wyy,Reggae,Reggae,,428
37i9dQZF1EIhlXN4Eotw5o,Summer Reggae Mix,Reggae,Summer Reggae music picked just for you,50
3e9vkVYh0AcaI4dCp1DHke,REGGAETON DANCE PARTY,Reggae,,98
3C4InHVC0dJg7FxwMit76l,Reggae,Reggae,,952
3TRipfYtW3jeiGym7iGXTy,Reggae DnB /Jungle,Reggae,"quick Reggae-Dub&#x2F;Jungle&#x2F;Reggae Drum &amp; Bass &#x2F;&#x2F;&#x2F; a Playlist full of the finest of General Levy, SHY FX, Ed Solo and many more + some fillers",104
1LkfBepv6foqO4K1msfhJX,Reggae,Reggae,,96
6xVwcKe3bjKcIriAKxF07B,Reggaeton y Perreo,Reggae,"Todos los hits üî• del perreo üçë para que te muevas hasta el piso, aqu√≠ en Digster. En Foto: West Blanco",193
74ak0vHcmA6J5Y0uRAf2LO,Reggae,Reggae,,220
74bKHFqZUStamlVC8Nfo8p,Reggae Remixes/Covers of Popular Songs,Reggae,"This is a reggea remix&#x2F;cover list of popular songs! i find these tracks to be fresh with that good summerfeeling vibe! Enjoy :)                  EDIT: Thanks for all the follows, didn&#x27;t know this would gain some traction. I&#x27;m gonna work harder to keep this updated! Happy summer my fellow friends :)",57
0l4BGWUIMqeZmWpjofD77v,Reggae - Old Skool/90s,Reggae,,145
1fKpMGDMSKaK6q1yj9nYfa,Reggae,Reggae,,173
5BwxJdMT6FualApgjrrd2b,Old School Reggae Mix | Roots Reggae,Reggae,,22
2KpQk0pOlPWS8LPtdQdW4z,Reggaet√≥n en 8D,Reggae,"eh ah, eh ah!",243
403jFoiaWM7BCqkIis3hWu,Reggae,Reggae,,82
6Xzh2AIapB871rBLK0DkDz,Reggae covers popular songs,Reggae,,49
15Eut7iX46NQJZ3ttmuBmf,Reggae das Antigas - S√≥ Pedradas,Reggae,Os melhores reggae antigos!,67
4zwMcoZRIU3GU4P0k0S8Wd,Reggae,Reggae,,213
0AniQgHBlNsdSQJ5KxRQpg,Lovers rock reggae mix 1990-2023 (2),Reggae,,140
5QX5yqsCt4q3LwKSK65bHH,Reggae Gospel as Melhores,Reggae,,103
3qJYL1JtRp6W5z2cGhCdmA,Reggae,Reggae,,114
10mOLeqHTueHzs3ooBcZHb,Old School reggae mix 2023,Reggae,,192
05vMEymcERMVIgtw4XF6dl,Reggae,Reggae,,70
3yhUlmsoyAJYa9sXbe6eUC,90s and 2000s reggae,Reggae,,50
0U2uUHqi0VHsbXPHhoJKRY,Reggae Summer Soundsystem,Reggae,"Ministry Of Sound (CD1, 2 and 3)",60
37i9dQZF1EQpj7X7UK8OOF,Rock Mix,Rock,<a href=spotify:playlist:37i9dQZF1EIVJW7PzIkjtQ>Creedence Clearwater Revival</a>„ÇÑ<a href=spotify:playlist:37i9dQZF1EIYWwGqC3GC7o>„É™„É≥„Ç≠„É≥„Éª„Éë„Éº„ÇØ</a>„ÄÅ<a href=spotify:playlist:37i9dQZF1EIWwyR3K8WKlr>„Ç∂„Éª„Éù„É™„Çπ</a>„Åª„ÅãÂ§öÊï∞,50
61jNo7WKLOIQkahju8i0hw,100 Greatest Rock Songs,Rock,100 Greatest Rock Songs // Best Rock Songs of All Time // Rock Classics. (Cover: Red Hot Chili Peppers),108
37i9dQZF1DWXRqgorJj26U,Rock Classics,Rock,Rock legends & epic songs that continue to inspire generations. Cover: Foo Fighters,200
37i9dQZF1EIf9QdS3bOrgZ,Rock and Roll Mix,Rock,Rock and Roll music picked just for you,50
37i9dQZF1DX49jUV2NfGku,Rock Solid,Rock,"New rock classics and essential cuts ft. Deftones
",100
3VGtJ4wotczNHihDWT4IaQ,Rocky Soundtrack (1-6),Rock,"Best songs and music from Rocky I, II, III, IV, V &amp; VI | Ê¥õÂ•á | „É≠„ÉÉ„Ç≠„Éº | Workout and Motivation pump with Rocky Balboa and Creed.",53
37i9dQZF1DX8FwnYE6PRvL,Rock Party,Rock,The ultimate rock party playlist!,100
6pnjjHaIuQ1HqB9tIoCMay,Rocky Training,Rock,"One hour on top of the best music from the Rocky movies. Trying hard now, it‚Äôs so hard now. Trying hard now, getting strong now. Won‚Äôt be long now. Getting strong now, gonna fly now. Flying high now, gonna fly, fly, fly!",17
37i9dQZF1DWWsq4e0rDzty,Rock School,Rock,For an education in rock.,100
1Cj75KpQKzeOpvP8FDnxoX,Rocky 4 Soundtrack,Rock,Best songs and music from Rocky Balboa IV.,15
0xTOjQjzCBKB8xLsU9XNlb,Rock Playlistsüé∏,Rock,,321
37i9dQZF1DX402XqlJHYcQ,rock X rock,Rock,Cl√°sicos del rock en ingl√©s y en espa√±ol. Foto: Radiohead,100
0ImbTL9gm01nStEsaCmj16,2000-2010 Rock and Power Ballads Greatest Hits,Rock,The essential rock songs and power ballads of the first decade of the new Millenium...,109
37i9dQZF1DWXs1L3AC0Xio,Rock Ballads,Rock,lighters up for these awesome rock ballads.,75
5BVmrtsEHH9P40dfnUe1un,Rock of Ages (Original Motion Picture Soundtrack),Rock,,11
23hD5D7bvXtkJGz2ni7s9e,ROCK/GYM PUMP üÜô ,Rock,,103
77RvyLiqmUimojxq3vg6mY,Ultimate Rock Playlist,Rock,,678
37i9dQZF1DXb9ynY7YLqCC,Rock Barrial,Rock,Canciones directas y banderas al viento. Foto: La 25.,100
37i9dQZF1EIdy7dVdne3kM,Workout Rock Mix,Rock,Workout Rock music picked just for you,50
37i9dQZF1DX7Z7kYpKKGTc,Rock Love Songs,Rock,The romantic side of classic rock and metal,50
6b2dBnxolvwV2L1L4thWRm,Classic Rock Songs 60s 70s 80s 90s,Rock,"Classic Rock songs &amp; some new ones &#x2F; cl√°ssicos del rock &#x2F; canciones de los 60s 70s 80s 90s &#x2F; cl√°ssicos do rock &#x2F; m√∫sicas dos anos 60, 70, 80 e 90",348
37i9dQZF1DX2S9rTKTX6JP,Rock Covers,Rock,killer rock & alternative covers. Cover: Paramore,150
37i9dQZF1EIefLxrHQP8p4,Alternative Rock Mix,Rock,Alternative Rock music picked just for you,50
37i9dQZF1DX4DZAVUAwHMT,The Rock List,Rock,The UK's biggest rock playlist. Cover: Kings Of Leon,80
7q2YPQOqQFgaBzGlmM0Rr3,Rock Nacional 2024 üá¶üá∑ ,Rock,"¬°Las mejores canciones de Rock Argentino 2023!. <a href=""https://playlistdespotify.com"">Suger√≠ tu canci√≥n</a>,  Rock de Argentina, Dale play y escucha.",75
4vbqQ0HYyAyT4i7qXsrf3h,Rocket League Best Songs,Rock,,88
0sRvy4sqNYgy26V2ki9w2k,ROCK INTERNACIONAL PARA TREINO,Rock,"musicas para treinar pesado, Rock para treinar , rock os melhores old rock üé∏ ü§ò",82
4cYm1jyrUfdC1jDWebtuNJ,Rock N' Roll,Rock,,427
37i9dQZF1DXc8YFRm3hen8,Rock del D√≠a,Rock,La banda de sonido de tu d√≠a.,80
7HduMTWBaKJmMKcinwX9xL,Rock songs everyone knows,Rock,,106
3H70bWAxOMSIKH9DHcCyPp,rock,Rock,"for inquiries pls email: hannah@craftplaylists.com &#x2F; all types of rock live here. pop rock, metal, alt, etc. &#x2F; featuring Bring Me The Horizon",17
4T75fQJbyBh8xXBVi1Hv4K,Greatest Rock Ballads,Rock,The greatest rock ballads of all time - they sure dont make rock music like they used to!!!,221
37i9dQZF1DX82Zzp6AKx64,Rock Power Ballads,Rock,Emotional and powerful - let your feelings out with these rock power ballads. Cover: Tina Turner,100
7DgPQwzEoUVfQYBiMLER9Z,Top 100 Most Popular Rock Songs,Rock,Find our playlist with these keywords: classic rock hits - rock music playlist - iconic rock songs - legendary rock songs - greatest rock songs - rock playlist essentials - timeless rock music - rock music favorites - best of rock music - rock legends playlist - top 100 rock songs of all time,100
4CIkeHR4wPbGiKtD5WQEnt,Rock,Rock,,104
1fDiwGc8mQ67tY98cFhu0f,Rock and Roll Classic,Rock,"Rock and Roll, Rock&#x27;n Roll, Rock &amp; Roll with Elvis Presley and Chuck Berry",107
37i9dQZF1DWXx3Txis2L4x,Rock 'n' Run,Rock,"These shoes are not made for running, they just look nice for the playlist cover.",80
5EXzlPM6E86TjKeLVsNjh0,ROCK n ROLL para BAILAR,Rock,Los mejores exitos del Rock y Rockabilly. Rock and roll Radio mix para danzar y motivarse. Clasicos musica canciones. O melhor do. Best of hits. Il meglio Die besten lieder,35
7hs36kT0x1eLbxiz0R8yCf,"ROCK EN ESPA√ëOL DE LOS 80'S, 90'S,Y 2000'S, ROCK EN TU IDIOMA, OLDIES EN ESPA√ëOL. (2)",Rock,,209
37i9dQZF1DX8V6C5Nr1MvC,Rocktail Hour,Rock,Rock that's served neat and goes down smooth.,100
3lNsw2SWhgujXsMnQYtsy5,Rock Klassiker 80 90er,Rock,Einfach gute Rockklassiker nicht zu schnell u nicht zu langsam,71
25471JIhSkdwIbFKfeAZ5r,Rock Ac√∫stico Internacional  (voz e viol√£o),Rock,,104
1AgNZRfES6YroBpLuyBpUX,ROCKY ENTRENAMIENTO,Rock,,9
37i9dQZF1DX56jxZ22YoyZ,Rock Andaluz,Rock,Cinco d√©cadas del mejor rock andaluz. Foto: Derby Motoreta's Burrito Kachimba. ,70
37i9dQZF1EQqkOPvHGajmW,Indie Mix,Rock,"<a href=spotify:playlist:37i9dQZF1EIX6w3UehUg5U>Hozier</a>, <a href=spotify:playlist:37i9dQZF1EIWBvTtlGcdKW>Djo</a>, <a href=spotify:playlist:37i9dQZF1EIZFSv8zffo2I>Arctic Monkeys</a>, dan lainnya",50
6XMhvUe2OfARE6iEjhx96k,Lullabies for Baby Sleep 2024 üí§ üß∏üò¥,Rock,"The Top 100 Soothing Hand-Picked Lullaby Melodies - Calm and gentle lullabies to help rock your baby to sleep - Includes Twinkle, Twinkle Little Star, Tiny Dancer, I See The Moon, A Million Dreams, You Are My Sunshine, Disney, Classical &amp; many more (Little Rainbow Playlists 2024)",100
37i9dQZF1DX3oM43CtKnRV,00s Rock Anthems,Rock,These songs rocked the 00s. Cover: Green Day,100
37i9dQZF1DWZeKCadgRdKQ,Deep Focus,Rock,Keep calm and focus with ambient and post-rock music.,178
37i9dQZF1EQpgT26jgbgRI,Metal Mix,Metal,"<a href=spotify:playlist:37i9dQZF1EIUKoQsAEihQP>Slipknot</a>, <a href=spotify:playlist:37i9dQZF1EIUpZbZOVnrXQ>Rob Zombie</a>, <a href=spotify:playlist:37i9dQZF1EIZc7axEaHIOA>Deftones</a> and more",50
37i9dQZF1EIetewBshGEPK,Aggressive Heavy Metal Mix,Metal,Aggressive Heavy Metal music picked just for you,50
37i9dQZF1DWWOaP4H0w5b0,Metal Essentials,Metal,Want some metal? Better to start with the essentials. Cover: Metallica,100
37i9dQZF1EIgtj4OvJCT7Q,Metalcore Mix,Metal,Metalcore music picked just for you,50
3amsAAZS7PfJyenaj92MrY,Metalü§òüèª,Metal,,5745
37i9dQZF1EIgsBucdAI1u5,Hard Rock Metal Mix,Metal,Hard Rock Metal music picked just for you,50
37i9dQZF1EIVcvqY26MlS6,Metallica Mix,Metal,"<a href=spotify:playlist:37i9dQZF1EIXHTh4cQUmsP>Dio</a>, <a href=spotify:playlist:37i9dQZF1EIUUcvIysjuWU>M√∂tley Cr√ºe</a> and <a href=spotify:playlist:37i9dQZF1EIWrwhDthGylL>Slayer</a>",50
0cVG2aGlZnT4Iy8dv3KPeW,Metallica Greatest Hits,Metal,,46
37i9dQZF1DX6P51sFpSo2r,Metalcore Classics,Metal,The perfect mix between old-school and modern Metalcore. Cover: Bullet For My Valentine,60
54roY8wSrfInsgbHljU6du,The actual good metal playlist,Metal,,132
37i9dQZF1DX9J6gykuP8Cf,Metal Lords Official Playlist,Metal,The official playlist for Metal Lords. Watch on Netflix. ,18
37i9dQZF1E4EBdeEVqipSd,Metallica Radio,Metal,"With Megadeth, Pantera, Iron Maiden and more",50
280unJx37YbHbRvPDlZxPi,New Metalcore 2024,Metal,METALCORE || submit request : riffcultjp@gmail.com,1483
5qzVsC4JNzrgRfyOntjJ3H,Metallica - S√≥ as Melhores,Metal,Metallica - S√≥ as Melhores - Sugest√µes? IG: @Playlist.Rock - Master of Puppets - Stranger Things - Enter Sandman - Nothing Else Matters - One - Whisky in the Jar - The Unforgiven - Sad But True - Fuel - St. Anger - I Disapear - Mission Impossible - The Memory Remains - Best Of - Mejores - Exitos,33
1jnizfcJFNGVeJgmp7ngK9,Metal Gear Solid OST,Metal,All the iconic tracks from the legendary video game franchise ‚ÄúMetal Gear Solid‚Äù.,26
4mUfhQN19SecQcpBXwbNfx,METAL,Metal,,1335
4DXxUyIJSzD2piiOGTW3Z9,Metal Gig ,Metal,,5
37i9dQZF1DWUJiNTfqDwyS,Metal Covers,Metal,A collection of the best Metal covers out there. Cover: Ghost,50
2c9ceMk120EbDuvbxVTz0K,METAL GYM WORKOUT PLAYLIST,Metal,Heavy Weights Call for Heavy Music | PR Hunting | Forever Chasing the Pump | Alphas Only,651
1EgRTqKtUXXXX36tXfaJZt,Rock/Metal covers of popular songs,Metal,Pretty self explanitory,203
4dm0B1iuBYdcFeJukrTEpg,METAL PESADO!!!! | Heavy Metal Classics,Metal,ü§ò,251
4oSBSghCnywekFEHCrkaLQ,Super Mario Bros. Metal,Metal,"The classic Mario Bros. tunes, with a metal coating.",135
6WNmeutRfJLFVXtuG2ObK7,METAL PRA TREINAR NA FOR√áA DO √ìDIOü§òüî•,Metal,,137
0mAS2nwUZVBbDof6PH6g7d,Metallica: Best Of The Best,Metal,The biggest and best tracks from Metallica. Check out The Best Of The Best profile for more great playlists!,35
0VyoNV5A84pR0cXhFtvFyU,The Metallic Mario (From Super Mario 64),Metal,,17
3Z7Ia2ekt6O08Paahimk6w,"METAL ü§òüèª
",Metal,Best of Metal!!,31
7sA7mJgg0Ts7IH7VK6QaKK,Metal / Rock / Emo / Hardcore / Screamo / Pop Punk / Post Hardcore,Metal,Metal Rock Emo Screamo Pop Punk Post Hardcore Heavy Music. You can email me at creativemusicplaylists@gmail.com,34
6qbSQ6yGNnTOOTWnHE3ego,Modern Metal Ballads,Metal,"Modern ballads, besides the normal heartsick BS.",101
7H2Y1aZxJPq9P0tYbEGcGU,Metal Bangers,Metal,,104
248BDuF3c94BixvcOU8FDI,Metal,Metal,"If it was easy, it wouldn‚Äôt be metal. Destroy all humanity. -Karƒ±≈üƒ±k",666
1kMM4rtr0YLn5jZQWNeuTD,Metal sonic themes,Metal,Metal sonic themes from some sonic games - and some other metal sonic songs,32
6bBDGRXuUB0yj6HOGdouLc,metal pesado para matar gente üòà,Metal,,197
7t8SxbDLyG0ToErSk1jIfc,Best Metal Ballads,Metal,Best Classic Heavy Metal Ballads,114
124HQW5l7uTg8XEz8iSECy,METAL VBZ,Metal,,26
37i9dQZF1EIcCL8b99YRCA,Groove Metal Mix,Metal,Groove Metal music picked just for you,50
0p8LvJisTCG1v82RrzC3HA,METAL COVERSüíöOF POP SONGS,Metal,"Best mix of hits popular Hard Rock Heavy Metalcore Thrash Death Alternative. Pop Goes Punk-Punk Goes whatever. One Morning Left, Alien Ant Farm, Betraying The Martyrs, Cover: ChuggaBoom. Your favorite non-metal songs reimagined by metal and rock bands, or metal songs by non-metal artists.",136
37i9dQZF1DZ06evO2qgZOg,This Is Skillet,Metal,"This is Skillet. The essential tracks, all in one playlist.",50
7aHtoQqSGpTX8XKi0iD1yO,Metal Gear Solid V 80s cassettes,Metal,,16
37i9dQZF1DXe1zTIMb05Nr,Metallica Live,Metal,Live performances by Metallica.,50
2F8XMdPxUv5D0yCObjIoaG,Metal: Hellsinger Playlist,Metal,Songs That Are In The Game Metal Hellsinger,78
3Puxodw2ypZRnBhcd390L2,Metal pesado ,Metal,,117
0DGWifoSIv93af63X0t1CL,2000s Metalcore ('00-'09),Metal,An 'Eras' playlist dedicated to the game-changing metalcore movement that exploded in the 2000s.,152
34qQU9UMJ1cLmteEMETQEd,Metallica: S√ì AS MELHORES,Metal,O essencial.,59
37i9dQZF1DWXIcbzpLauPS,The Core,Metal,Metalcore at its finest. Cover: The Plot In You,125
2PojCWYynh1nl0cqZGyqiM,METAL PHONK üé∏,Metal,The perfect blend of heavy Metal guitars and Phonk. Perfect for gym and all out rage. More at @fueledbyhate.co on instagram,35
35mL3HXDQHkXPyEvqG4Qvy,Best Metal Covers and Remixes,Metal,,129
7nKFxrxJ935R8nVc2oMCv7,Metal üíÄ,Metal,The best discovered &amp; undiscovered Metal music.,33
3mbSougQtTvuaWMuj2Iuz1,metalheads>>,Metal,slayed,154
0gOHQCwFXXWe7aG8Qvqpgp,Metallica con Sinfonica de San Francisco,Metal,,8
37i9dQZF1EQoqCH7BwIYb7,R&B Mix,R&B,"<a href=spotify:playlist:37i9dQZF1EIYf6cItAYzfX>The Weeknd</a>, <a href=spotify:playlist:37i9dQZF1EIVKZrYlZnw71>SZA</a>, <a href=spotify:playlist:37i9dQZF1EIYHlfEDwnhiL>Frank Ocean</a> and more",50
7s17jTD83GgeKajAMogIen,R&B Throwbacks 90s & 00s,R&B,The Best RNB Throwbacks from the 90s and the 00s. Enjoyüí´,302
2T3BSpqN34Z4sppHDNWoeE,"R&B Classics  90s & 2000s - Best Old School RnB Hits Playlist - Usher, Chris Brown, Ne-Yo, Mario",R&B,"90s-00s Rnb Classics - Best r&amp;b Music - Best Rnb Love Songs of All Time - R&amp;b All Time Favorites / Favourites - Best of Neyo, Usher, Chris Brown, Ne-Yo, Sisqo, Craig David, Mario, Nelly, Akon, Mariah Carey, Boyz II Men",146
4g4CMqHHvENwyobZ3DjHUA,r&b ü•µ,R&B,,35
5zCdhPJHI9kgYsgkSBEWT0,best rnb playlist,R&B,best rnb playlist - rnb study - best r&amp;b playlist - R&amp;B 2024 üî• - late night rnb,71
37i9dQZF1DX2hNQN2Fv6Cy,R&B Classics Party,R&B,"90's & 00's party jams with Aaliyah, Justin Timberlake, Destiny's Child and Usher.",150
4h9dvquufDVDyGuYRHeu73,2000 R&B Hits - Top R&B 2000s Songs (R&B 00s Popular Songs),R&B,Find our playlist with these keywords: 2000 r&amp;b songs - best r&amp;b 2000s - r&amp;b hits 2000 - top r&amp;b song 2000 - 2000s r&amp;b hits - r&amp;b 00s songs - 00s r&amp;b top - r&amp;b 2000 playlist - popular r&amp;b 2000s - top r&amp;b songs 2000 - 2000 r&amp;b music - best of 2000 r&amp;b - 2000s r&amp;b jams - r&amp;b songs from 2000,150
5DvnRE3xeHBEf3jW9dkjVI,r&b ü©∂,R&B,,193
37i9dQZF1EIfeeY1Nyg89M,Chill R&B Mix,R&B,Chill R&B music picked just for you,50
37i9dQZF1DX942d1NzGgzk,R&B UK,R&B,100% British - 100% R&B. Cover: kwn,60
37i9dQZF1EIcMbGxNGUuZo,R&B Soul Mix,R&B,R&B Soul music picked just for you,50
37i9dQZF1DX04mASjTsvf0,R&B Classics,R&B,Throw it back with these classic R&B jams. Cover: Destiny's Child,100
2D2oVQAW0IGswqgmuXML14,Old R&B Bangersüî•,R&B,,140
7vSUcrV5YqlKOU9b095RJE,r&b,R&B,for inquiries pls email: hannah@craftplaylists.com &#x2F; this playlist is for those slow vibes &#x2F; featuring Kehlani,18
37i9dQZF1EIgOgqo0JzIfO,Clubbing R&B Mix,R&B,Clubbing R&B music picked just for you,50
3BtE0DZ7mMOEaOUuDfQY7v,R&B / Gym HITSü§¨üî•üî•,R&B,,259
3ktJsu821hgsMqMuuR6YvQ,R&B lowkey na naka honda civic,R&B,R&amp;B,207
4X3T2X148gnMtf7DIei12S,R&B Party Bangers (00's & late 90's),R&B,,90
14rrX3bS3apBrpEWPKcozW,R&B + Hip Hop 2010-2020,R&B,,476
2bURuPW4aE7OjrS3ih9w8x,R&B Clean - Safe for Work,R&B,,187
37i9dQZF1DWUzFXarNiofw,R&B Weekly,R&B,"The newest r&b drops, every week. Cover: Ayra Starr",175
37i9dQZF1EIcQSpqcKcpD1,2000s R&B Mix,R&B,2000s R&B music picked just for you,50
32vVrEaltqVIZHTDSqZhnp,R&B 90s Greatest Hits,R&B,"90s r&amp;b songs, neo soul, r&amp;b classics, r&amp;b music greatest hits, r and b, are and be, rnb 90s, rnb songs, hip hop music, love songs 1990s, r&amp;b throwbacks, classic r&amp;b songs; top 100",100
37i9dQZF1EIcXahtAcWAVJ,Old School Throwback R&B Mix,R&B,Old School Throwback R&B music picked just for you,50
0wQioM8Sbqyl9npowliOeu,R&B/HipHop 90/00s Gym Workout Playlist,R&B,,97
3SsPWyQnAh1ccWEXZPYaCY,R&B 2024 - Best R&B Songs Playlist (RNB Music 2024),R&B,Find our playlist with these keywords: r&amp;b hits 2024 - best r&amp;b 2024 - rnb songs 2024 - 2024 r&amp;b playlist - top r&amp;b songs 2024 - r&amp;b music hits 2024 - best of r&amp;b 2024 - latest r&amp;b 2024 - new r&amp;b songs 2024 - rnb chart 2024 - r&amp;b artists 2024 - rnb top 2024 - r&amp;b mix 2024 - famous r&amp;b songs 2024,60
37i9dQZF1DX2WkIBRaChxW,R&B Right Now,R&B,"What's happening in r&b, right now ‚Äì featuring Coco Jones.",75
0AloHdO7zZdDiRZ5LzuNx2,Old Skool R&B Classics,R&B,,223
37i9dQZF1DXa56nCfFVHm7,R&B Workout,R&B,R&B tracks that will keep your energy level high,55
5tSbO6M5AT7r91ytDd4nNP,R&B Hits 2024,R&B,hot best RNB r&amp;b songs of 2023 most popular trending today chill rnb music viral top 100 hottest pop rap mix latest neo soul contemporary sensual sensual rnb sexplaylist sex sexx r&amp;amp;bplaylist rnb playlist rnbvibes rnb vibes,340
3uJMbKwIJBIS6WzqAzD3qu,r&b/soul üåÜü™¥,R&B,"| Curated by: @reverie.rcrds | ~ sza, brent faiyaz, h.e.r, kehlani, drake, giveon, etc. + new &amp; upcoming artists",249
3NBWFZfxK3V7cCBdNaXPHO,R&B Love Songs 90s and 2000s - Best R&B Love Music from the 90s & 00s (Playlist Updated in 2024),R&B,Find our playlist with these keywords: r&amp;b love songs mix 90&#x27;s and 2020 - throwback r&amp;b love songs - rnb love song - r&amp;b love songs 90s and 2000s playlist - old r&amp;b love songs - oldies r&amp;b love songs - r&amp;b love songs 90s and 2000s mix - r &amp; b love songs of 90s and 2020s - 90&#x27;s 2000&#x27;s r&amp;b love songs,100
37i9dQZF1EIfosbtNXqDgK,Love R&B Mix,R&B,Love R&B music picked just for you,50
37i9dQZF1DX1aA8os1ylFZ,R&B Magic,R&B,get into your feels with some r&b magic,100
37i9dQZF1DX6VDO8a6cQME,I Love My '90s R&B,R&B,The most essential R&B songs from the '90s. Cover: TLC,75
55qZFgwEwdyGCMYwKVaMG2,RÔºÜBÁ≥ª„Åä„Åó„ÇÉ„Çå„Å™Ê¥ãÊ•ΩÔºÅÊúÄÊñ∞Êõ≤ËøΩÂä†„Åó„Å¶„ÅÑ„Åç„Åæ„Åô,R&B,,217
37i9dQZF1DX7PmlEGx13u9,Certi: R&B,R&B,Certified R&B Hits. Cover: Lay Bankz,50
37i9dQZF1EIgEBir2WoeTx,R&B Upbeat Mix,R&B,R&B Upbeat music picked just for you,50
2OfGUd44BtmZxLg6Fwzk6X,R&B/Rap kinda playlistüñ§,R&B,,199
37i9dQZF1DX7FY5ma9162x,R&B Favourites,R&B,The tracks you can put on repeat all day. Cover: PARTYNEXTDOOR,100
66QpVkhJ3wgy78TR9QWits,Best R&B Remixes,R&B,,191
37i9dQZF1DWTbCTQUrf6sj,R&B Party,R&B,Fissa met R&B tunes. Cover: Chris Brown,150
37i9dQZF1EIevM7TZg78gv,R&B Rap Mix,R&B,R&B Rap music picked just for you,50
5eEI4duURNGaVMmDIjt9lM,R&B U NEED üíø,R&B,,60
0X4K4T2IqcV3MAZ7HhB8Qy,R&B Late night drive üöó,R&B,,247
6VskdQVKbkPjY8BiG7CQ30,R&B,R&B,üíô,511
7sFgh2Ebte5ZxF8QiIlZ7J,90s R&B Mixtape,R&B,,125
37i9dQZF1DWUZ5bk6qqDSy,White Noise 10 Hours,R&B,Ten hours long continuous white noise to help you relax and let go. ,214
37i9dQZF1DX7NZzYCEKYgA,Dangdut Lawas,Dangdut,Tembang Dangdut kenangan yang bikin teringat masa lalu. Cover: Jamal Mirdad,48
3chVzyZMZphpvC8t3Gqbbg,Dangdut Full Bass,Dangdut,,24
2JWX3aFahlYkvvpybqQR2I,Dangdut jaipong,Dangdut,,23
7khdgHjH8ECeNvyoESMaAZ,Dangdut Lawas Pilihan,Dangdut,,66
5eSVTmxRjGjpifJ4o55EgE,Dangdut duet,Dangdut,,33
4n3tA9I6wI0ysNLVAqW3D8,Dangdut Orgen Tunggal,Dangdut,,20
6SxC2vXzToERvJpK7HR8ho,Dangdut Paling Enak 2024,Dangdut,,75
7B3OtJ4vIaxbfWGFHIW3FY,Dangdut Malaysia,Dangdut,Dangdut Malaysia Terbaik 90-an dan Terkini,42
2SZKcdLlHHzfPJExkHPPNW,Lagu Dangdut Indonesia Hits,Dangdut,,41
5yvMIsMqncUlVu2kD6x5Ow,DANGDUT POPULER 2024,Dangdut,"Kumpulan Lagu Dangdut Populer Tahun 2024, cover : Happy Asmara",40
5N96uVQ6T20fj7yJ73i6m2,Dangdut,Dangdut,,582
1rlEmVUZu644NLvBjJS0OD,dangdut asyikkkü´∂üèºü´∂üèºü´∂üèº,Dangdut,marii dangdutt karna remaja itu butuh hiburan,115
0q9JUalnr9IpcwXwlWu2mM,Dangdut,Dangdut,,165
37i9dQZF1EIYGymIjfrhVu,Dangdut Koplo Mix,Dangdut,"<a href=spotify:playlist:37i9dQZF1EIXPmN34UBRyd>Dangdut Koplo Nirwana</a>, <a href=spotify:playlist:37i9dQZF1EIX9CoQ3vxQCq>Ira Swara</a> and <a href=spotify:playlist:37i9dQZF1EIXKgyRiDiWGu>Fanny Sabila</a>",50
1ENr3sZEUZUR81aHGyesxo,Dangdut,Dangdut,,74
3wbPkE2kCoj3iSuB8mdxgf,Dangdut Everywhere x Aftershine,Dangdut,,28
6guZZVRZ9LsSM31ZHmESdw,Dangdut panggung,Dangdut,,12
5GX6jgBtc6fWCInSzYlCVi,"DANGDUT KOPLO SAGITA, ADELLA, PANTURA 2024",Dangdut,,58
2Ac4Dg1k5kA5eEV57A1qrM,Dangdut,Dangdut,,60
7JJe0rU7t0OgB1K1rXUddp,Dangdut Koplo Viral 2023,Dangdut,,39
37i9dQZF1EIYSRLTyvQhNq,Dangdut Koplo Rgs Mix,Dangdut,"<a href=spotify:playlist:37i9dQZF1EIXPmN34UBRyd>Dangdut Koplo Nirwana</a>, <a href=spotify:playlist:37i9dQZF1EIVJB3f0zcg2Z>Gank Kumpo</a> and <a href=spotify:playlist:37i9dQZF1EIZkxJnzS2O7x>Deviana Safara</a>",50
3OJgR1xq5mvI5qHcHz336p,Dangdut,Dangdut,,59
4VcMtIpWZ3yULvxW1yv5YI,Dangdut Duet Mesra,Dangdut,,24
53HMLNsqPVMV8UcAe8tSkV,Dangdut,Dangdut,,127
1Cc0L8Sf9BWoI7T1I8VW91,Dangdut Indonesia 2000,Dangdut,Lagu Dangdut Indonesia Tahun 2000 an,54
5FZsIR6MTFN5zaT9GBH6ox,Dangdut paling enak saat santai 2024,Dangdut,,99
4tRudQVraWiUwhkmwUaqzj,Dangdut Merinding,Dangdut,&quot;Ku Rela Kau Pilih Dia&quot; lagu terbaru dari Hari Putra yang lagi viral itu bisa didengerin disini! ,106
5HV1Y0pGp5GjD1pgBqtbWG,Dangdut,Dangdut,,41
65LgcuJr8a5kTUIdr96WrE,Dangdut Academy 6,Dangdut,,42
5Sdm9R5udkYYF3IA3HoyFV,Dangdut,Dangdut,,84
4iW49bIJvhgegOxO55BeZH,DANGDUT KOPLO JOWO HITS 2024,Dangdut,,52
72QjglxnNkhaIpx79vehgp,Dangdut,Dangdut,,45
1fMVOhp16QU5xIOdb28FPA,Dangdut remix full house,Dangdut,,10
4K1ingTRLZq9m6OM6jz70q,Dangdut Pagi 2024,Dangdut,"Full Dangdut Kalem Tasya, Difarina, Gerry, Fendik , Adella, New Pallapa",30
6fBSNe6kxj13vtCduonZXm,Dangdut asyik karaoke,Dangdut,,35
4PwBBca9Y17aUhkJ6hBJAU,Dangdut House Remix,Dangdut,,42
1xeW1QWmXt30zdxVcbgVOl,Dangdut Pargoy,Dangdut,,125
6uKwsAt5tc5JUjGk6ne4TP,Dangdut Original Wanita,Dangdut,,18
4OEohzIiWRza4eAw7Q8knD,Dangdut Koplo Viral 2023 (2),Dangdut,,119
6MNqoxgO9jYQt8EKokFdNc,DANGDUT BATAK,Dangdut,,11
4auG6OkPabEOnyeQhbyVdZ,Lagu Dangdut,Dangdut,,58
12kN7Pt7eLLf6JsVAp7LuV,Dangdut familys,Dangdut,,35
3rG86IVkwXkW0fQ3xoqbGd,Dangdut santai,Dangdut,,75
3rwCVQjQvSUlj6aawAfg2v,Dangdut adela full album,Dangdut,,8
2bhQiFGbWBG8sVGbvSQRBJ,Dangdut Asik buat goyang,Dangdut,,15
5a0y3we5YxkI98CwYmYDPe,Dangdut Jaman Dulu,Dangdut,,49
1X8GcBqvcMDU0jFuOuPuYD,Dangdut Ngebit,Dangdut,,47
6yI1zzXDIQWvlulkFbDZIQ,Dangdut Sunda koplo,Dangdut,,4
0Xswlq0L1cIaoaNY6qCMLL,Dangdut Untuk Perjalanan,Dangdut,,497
5y5udwRYUfQGTuVaZlgkWe,Dangdut Mansyur S,Dangdut,,61
